date,value,memo
1961-01-01,29.56,"평균기온 -5.2°C, 평균습도 65.0%, 유효 31일"
1961-02-01,36.28,"평균기온 -0.9°C, 평균습도 62.3%, 유효 28일"
1961-03-01,45.07,"평균기온 5.4°C, 평균습도 63.6%, 유효 31일"
1961-04-01,54.11,"평균기온 11.7°C, 평균습도 60.7%, 유효 30일"
1961-05-01,62.12,"평균기온 17.3°C, 평균습도 66.6%, 유효 31일"
1961-06-01,69.58,"평균기온 21.9°C, 평균습도 76.9%, 유효 30일"
1961-07-01,77.47,"평균기온 26.2°C, 평균습도 85.9%, 유효 31일"
1961-08-01,77.85,"평균기온 26.8°C, 평균습도 81.4%, 유효 31일"
1961-09-01,68.96,"평균기온 21.5°C, 평균습도 75.3%, 유효 30일"
1961-10-01,59.83,"평균기온 15.6°C, 평균습도 66.1%, 유효 31일"
1961-11-01,50.01,"평균기온 8.9°C, 평균습도 66.6%, 유효 30일"
1961-12-01,36.09,"평균기온 -0.7°C, 평균습도 68.0%, 유효 31일"
1962-01-01,33.14,"평균기온 -3.4°C, 평균습도 60.0%, 유효 31일"
1962-02-01,35.93,"평균기온 -0.7°C, 평균습도 66.4%, 유효 28일"
1962-03-01,41.98,"평균기온 3.2°C, 평균습도 62.8%, 유효 31일"
1962-04-01,51.5,"평균기온 10.0°C, 평균습도 65.6%, 유효 30일"
1962-05-01,62.08,"평균기온 17.6°C, 평균습도 55.0%, 유효 31일"
1962-06-01,67.82,"평균기온 21.1°C, 평균습도 69.1%, 유효 30일"
1962-07-01,75.68,"평균기온 26.1°C, 평균습도 73.1%, 유효 31일"
1962-08-01,75.35,"평균기온 25.1°C, 평균습도 82.9%, 유효 31일"
1962-09-01,67.34,"평균기온 20.3°C, 평균습도 77.7%, 유효 30일"
1962-10-01,56.92,"평균기온 13.6°C, 평균습도 67.5%, 유효 31일"
1962-11-01,46.27,"평균기온 6.4°C, 평균습도 68.5%, 유효 30일"
1962-12-01,37.61,"평균기온 1.1°C, 평균습도 72.9%, 유효 31일"
1963-01-01,23.34,"평균기온 -9.2°C, 평균습도 67.3%, 유효 31일"
1963-02-01,32.2,"평균기온 -2.5°C, 평균습도 72.3%, 유효 28일"
1963-03-01,44.98,"평균기온 5.5°C, 평균습도 63.9%, 유효 31일"
1963-04-01,53.46,"평균기온 11.4°C, 평균습도 70.7%, 유효 30일"
1963-05-01,61.57,"평균기온 16.9°C, 평균습도 71.7%, 유효 31일"
1963-06-01,68.51,"평균기온 21.2°C, 평균습도 75.4%, 유효 30일"
1963-07-01,74.42,"평균기온 24.5°C, 평균습도 84.3%, 유효 31일"
1963-08-01,75.61,"평균기온 25.7°C, 평균습도 77.0%, 유효 31일"
1963-09-01,66.78,"평균기온 20.5°C, 평균습도 65.0%, 유효 30일"
1963-10-01,56.67,"평균기온 13.5°C, 평균습도 64.9%, 유효 31일"
1963-11-01,46.77,"평균기온 6.5°C, 평균습도 64.0%, 유효 30일"
1963-12-01,37.87,"평균기온 0.8°C, 평균습도 69.2%, 유효 31일"
1964-01-01,36.47,"평균기온 -0.1°C, 평균습도 68.6%, 유효 31일"
1964-02-01,31.87,"평균기온 -3.5°C, 평균습도 66.8%, 유효 29일"
1964-03-01,42.63,"평균기온 3.8°C, 평균습도 65.4%, 유효 31일"
1964-04-01,57.56,"평균기온 14.1°C, 평균습도 73.0%, 유효 30일"
1964-05-01,63.7,"평균기온 18.6°C, 평균습도 63.7%, 유효 31일"
1964-06-01,68.58,"평균기온 21.6°C, 평균습도 70.5%, 유효 30일"
1964-07-01,74.63,"평균기온 24.7°C, 평균습도 83.5%, 유효 31일"
1964-08-01,76.55,"평균기온 26.3°C, 평균습도 77.1%, 유효 31일"
1964-09-01,67.28,"평균기온 20.3°C, 평균습도 77.4%, 유효 30일"
1964-10-01,57.31,"평균기온 13.8°C, 평균습도 64.6%, 유효 31일"
1964-11-01,46.29,"평균기온 6.3°C, 평균습도 64.9%, 유효 30일"
1964-12-01,37.56,"평균기온 0.2°C, 평균습도 64.7%, 유효 31일"
1965-01-01,30.82,"평균기온 -4.2°C, 평균습도 66.3%, 유효 31일"
1965-02-01,36.45,"평균기온 -1.2°C, 평균습도 59.2%, 유효 28일"
1965-03-01,41.72,"평균기온 2.7°C, 평균습도 59.4%, 유효 31일"
1965-04-01,52.22,"평균기온 10.2°C, 평균습도 57.0%, 유효 30일"
1965-05-01,61.95,"평균기온 17.3°C, 평균습도 65.1%, 유효 31일"
1965-06-01,69.17,"평균기온 22.1°C, 평균습도 66.9%, 유효 30일"
1965-07-01,73.56,"평균기온 24.1°C, 평균습도 82.1%, 유효 31일"
1965-08-01,74.33,"평균기온 24.4°C, 평균습도 84.2%, 유효 31일"
1965-09-01,67.6,"평균기온 20.9°C, 평균습도 69.3%, 유효 30일"
1965-10-01,58.46,"평균기온 14.8°C, 평균습도 69.5%, 유효 31일"
1965-11-01,47.12,"평균기온 7.0°C, 평균습도 68.7%, 유효 30일"
1965-12-01,34.8,"평균기온 -2.0°C, 평균습도 64.2%, 유효 31일"
1966-01-01,32.18,"평균기온 -4.7°C, 평균습도 56.6%, 유효 31일"
1966-02-01,37.61,"평균기온 0.1°C, 평균습도 67.2%, 유효 28일"
1966-03-01,43.81,"평균기온 4.8°C, 평균습도 69.2%, 유효 31일"
1966-04-01,54.32,"평균기온 11.8°C, 평균습도 61.5%, 유효 30일"
1966-05-01,63.12,"평균기온 18.3°C, 평균습도 58.2%, 유효 31일"
1966-06-01,67.48,"평균기온 20.5°C, 평균습도 76.6%, 유효 30일"
1966-07-01,73.25,"평균기온 23.6°C, 평균습도 85.7%, 유효 31일"
1966-08-01,77.58,"평균기온 26.7°C, 평균습도 79.6%, 유효 31일"
1966-09-01,66.21,"평균기온 19.7°C, 평균습도 72.7%, 유효 30일"
1966-10-01,58.04,"평균기온 14.4°C, 평균습도 71.3%, 유효 31일"
1966-11-01,46.1,"평균기온 5.9°C, 평균습도 62.9%, 유효 30일"
1966-12-01,33.61,"평균기온 -3.0°C, 평균습도 60.9%, 유효 31일"
1967-01-01,31.61,"평균기온 -4.5°C, 평균습도 62.1%, 유효 31일"
1967-02-01,33.78,"평균기온 -2.5°C, 평균습도 65.1%, 유효 27일"
1967-03-01,43.92,"평균기온 4.8°C, 평균습도 66.9%, 유효 31일"
1967-04-01,54.1,"평균기온 11.8°C, 평균습도 67.5%, 유효 30일"
1967-05-01,64.87,"평균기온 19.3°C, 평균습도 64.0%, 유효 31일"
1967-06-01,68.56,"평균기온 21.3°C, 평균습도 74.1%, 유효 30일"
1967-07-01,75.56,"평균기온 25.5°C, 평균습도 79.8%, 유효 31일"
1967-08-01,78.03,"평균기온 26.7°C, 평균습도 83.5%, 유효 31일"
1967-09-01,67.44,"평균기온 20.7°C, 평균습도 68.8%, 유효 30일"
1967-10-01,58.09,"평균기온 14.5°C, 평균습도 64.5%, 유효 31일"
1967-11-01,46.72,"평균기온 6.5°C, 평균습도 65.0%, 유효 30일"
1967-12-01,30.13,"평균기온 -4.9°C, 평균습도 65.4%, 유효 31일"
1968-01-01,31.53,"평균기온 -4.0°C, 평균습도 64.7%, 유효 31일"
1968-02-01,31.01,"평균기온 -4.4°C, 평균습도 63.2%, 유효 29일"
1968-03-01,43.48,"평균기온 4.4°C, 평균습도 64.6%, 유효 31일"
1968-04-01,55.39,"평균기온 12.6°C, 평균습도 53.5%, 유효 30일"
1968-05-01,61.91,"평균기온 17.2°C, 평균습도 66.7%, 유효 31일"
1968-06-01,67.75,"평균기온 21.0°C, 평균습도 71.1%, 유효 30일"
1968-07-01,74.39,"평균기온 24.7°C, 평균습도 81.3%, 유효 31일"
1968-08-01,74.17,"평균기온 24.9°C, 평균습도 75.0%, 유효 31일"
1968-09-01,67.75,"평균기온 20.9°C, 평균습도 70.8%, 유효 30일"
1968-10-01,55.69,"평균기온 13.0°C, 평균습도 70.8%, 유효 31일"
1968-11-01,47.51,"평균기온 7.6°C, 평균습도 75.6%, 유효 30일"
1968-12-01,41.18,"평균기온 3.1°C, 평균습도 71.6%, 유효 31일"
1969-01-01,31.78,"평균기온 -3.5°C, 평균습도 68.5%, 유효 31일"
1969-02-01,32.89,"평균기온 -2.7°C, 평균습도 68.8%, 유효 28일"
1969-03-01,41.51,"평균기온 2.9°C, 평균습도 62.0%, 유효 31일"
1969-04-01,52.42,"평균기온 10.6°C, 평균습도 69.0%, 유효 30일"
1969-05-01,60.98,"평균기온 16.4°C, 평균습도 67.4%, 유효 31일"
1969-06-01,66.29,"평균기온 20.0°C, 평균습도 70.8%, 유효 30일"
1969-07-01,73.28,"평균기온 24.0°C, 평균습도 78.9%, 유효 31일"
1969-08-01,74.93,"평균기온 24.8°C, 평균습도 82.8%, 유효 31일"
1969-09-01,68.02,"평균기온 20.8°C, 평균습도 77.9%, 유효 30일"
1969-10-01,57.19,"평균기온 13.9°C, 평균습도 65.1%, 유효 31일"
1969-11-01,44.26,"평균기온 5.0°C, 평균습도 67.7%, 유효 30일"
1969-12-01,34.12,"평균기온 -2.0°C, 평균습도 66.5%, 유효 31일"
1970-01-01,30.37,"평균기온 -4.8°C, 평균습도 65.3%, 유효 31일"
1970-02-01,37.27,"평균기온 -0.2°C, 평균습도 63.6%, 유효 28일"
1970-03-01,38.42,"평균기온 0.4°C, 평균습도 59.1%, 유효 31일"
1970-04-01,54.99,"평균기온 12.2°C, 평균습도 52.0%, 유효 30일"
1970-05-01,63.92,"평균기온 18.7°C, 평균습도 62.6%, 유효 31일"
1970-06-01,67.22,"평균기온 20.5°C, 평균습도 73.7%, 유효 30일"
1970-07-01,72.23,"평균기온 23.0°C, 평균습도 85.9%, 유효 31일"
1970-08-01,76.32,"평균기온 25.9°C, 평균습도 80.7%, 유효 31일"
1970-09-01,68.96,"평균기온 21.2°C, 평균습도 80.0%, 유효 30일"
1970-10-01,58.72,"평균기온 14.9°C, 평균습도 73.8%, 유효 31일"
1970-11-01,45.18,"평균기온 5.7°C, 평균습도 71.7%, 유효 30일"
1970-12-01,35.3,"평균기온 -1.1°C, 평균습도 67.4%, 유효 31일"
1971-01-01,32.46,"평균기온 -2.4°C, 평균습도 71.9%, 유효 31일"
1971-02-01,36.11,"평균기온 -0.7°C, 평균습도 64.5%, 유효 28일"
1971-03-01,40.17,"평균기온 2.0°C, 평균습도 65.3%, 유효 31일"
1971-04-01,53.63,"평균기온 11.2°C, 평균습도 57.0%, 유효 30일"
1971-05-01,61.16,"평균기온 16.6°C, 평균습도 70.0%, 유효 31일"
1971-06-01,69.57,"평균기온 21.6°C, 평균습도 82.1%, 유효 30일"
1971-07-01,73.93,"평균기온 23.9°C, 평균습도 87.9%, 유효 31일"
1971-08-01,74.14,"평균기온 24.6°C, 평균습도 79.7%, 유효 31일"
1971-09-01,67.44,"평균기온 20.6°C, 평균습도 72.9%, 유효 30일"
1971-10-01,55.93,"평균기온 13.0°C, 평균습도 66.3%, 유효 31일"
1971-11-01,49.48,"평균기온 8.7°C, 평균습도 71.8%, 유효 30일"
1971-12-01,35.54,"평균기온 -1.2°C, 평균습도 64.9%, 유효 31일"
1972-01-01,37.0,"평균기온 0.8°C, 평균습도 74.8%, 유효 31일"
1972-02-01,35.75,"평균기온 -0.6°C, 평균습도 69.0%, 유효 29일"
1972-03-01,43.94,"평균기온 5.3°C, 평균습도 73.6%, 유효 31일"
1972-04-01,53.69,"평균기온 11.5°C, 평균습도 65.6%, 유효 30일"
1972-05-01,60.75,"평균기온 16.4°C, 평균습도 66.2%, 유효 31일"
1972-06-01,69.02,"평균기온 21.7°C, 평균습도 71.8%, 유효 30일"
1972-07-01,75.48,"평균기온 25.7°C, 평균습도 77.6%, 유효 31일"
1972-08-01,71.99,"평균기온 23.1°C, 평균습도 83.0%, 유효 31일"
1972-09-01,65.17,"평균기온 19.0°C, 평균습도 77.7%, 유효 30일"
1972-10-01,57.09,"평균기온 13.8°C, 평균습도 77.1%, 유효 31일"
1972-11-01,43.99,"평균기온 5.2°C, 평균습도 76.3%, 유효 30일"
1972-12-01,37.72,"평균기온 0.6°C, 평균습도 68.4%, 유효 31일"
1973-01-01,36.48,"평균기온 0.4°C, 평균습도 73.7%, 유효 31일"
1973-02-01,38.2,"평균기온 0.6°C, 평균습도 64.2%, 유효 28일"
1973-03-01,44.11,"평균기온 4.5°C, 평균습도 60.5%, 유효 31일"
1973-04-01,55.02,"평균기온 12.4°C, 평균습도 71.3%, 유효 30일"
1973-05-01,62.35,"평균기온 17.4°C, 평균습도 64.4%, 유효 31일"
1973-06-01,68.76,"평균기온 21.4°C, 평균습도 75.7%, 유효 30일"
1973-07-01,78.38,"평균기온 26.8°C, 평균습도 85.1%, 유효 31일"
1973-08-01,77.29,"평균기온 25.9°C, 평균습도 89.1%, 유효 31일"
1973-09-01,67.31,"평균기온 20.3°C, 평균습도 76.2%, 유효 30일"
1973-10-01,56.04,"평균기온 13.0°C, 평균습도 66.5%, 유효 31일"
1973-11-01,43.92,"평균기온 4.7°C, 평균습도 66.6%, 유효 30일"
1973-12-01,32.83,"평균기온 -3.0°C, 평균습도 65.3%, 유효 31일"
1974-01-01,33.85,"평균기온 -2.5°C, 평균습도 64.0%, 유효 31일"
1974-02-01,34.31,"평균기온 -2.1°C, 평균습도 65.3%, 유효 28일"
1974-03-01,42.12,"평균기온 3.7°C, 평균습도 68.5%, 유효 31일"
1974-04-01,52.46,"평균기온 10.7°C, 평균습도 66.1%, 유효 30일"
1974-05-01,61.37,"평균기온 16.7°C, 평균습도 68.2%, 유효 31일"
1974-06-01,65.95,"평균기온 19.7°C, 평균습도 73.2%, 유효 30일"
1974-07-01,72.73,"평균기온 23.5°C, 평균습도 82.3%, 유효 31일"
1974-08-01,75.14,"평균기온 25.1°C, 평균습도 80.3%, 유효 31일"
1974-09-01,67.57,"평균기온 20.6°C, 평균습도 74.0%, 유효 30일"
1974-10-01,55.36,"평균기온 12.6°C, 평균습도 72.2%, 유효 31일"
1974-11-01,45.19,"평균기온 5.4°C, 평균습도 63.8%, 유효 30일"
1974-12-01,36.53,"평균기온 -0.5°C, 평균습도 64.0%, 유효 31일"
1975-01-01,33.83,"평균기온 -2.7°C, 평균습도 61.9%, 유효 31일"
1975-02-01,37.34,"평균기온 -0.8°C, 평균습도 56.3%, 유효 28일"
1975-03-01,42.93,"평균기온 4.4°C, 평균습도 69.6%, 유효 31일"
1975-04-01,56.04,"평균기온 13.3°C, 평균습도 62.5%, 유효 30일"
1975-05-01,61.01,"평균기온 16.7°C, 평균습도 66.0%, 유효 31일"
1975-06-01,68.69,"평균기온 21.4°C, 평균습도 74.9%, 유효 30일"
1975-07-01,75.01,"평균기온 24.9°C, 평균습도 82.6%, 유효 31일"
1975-08-01,77.17,"평균기온 27.0°C, 평균습도 72.8%, 유효 31일"
1975-09-01,70.54,"평균기온 22.6°C, 평균습도 74.0%, 유효 30일"
1975-10-01,59.45,"평균기온 15.4°C, 평균습도 66.6%, 유효 31일"
1975-11-01,50.35,"평균기온 9.0°C, 평균습도 61.9%, 유효 30일"
1975-12-01,35.92,"평균기온 -1.6°C, 평균습도 58.0%, 유효 31일"
1976-01-01,33.29,"평균기온 -3.8°C, 평균습도 57.1%, 유효 31일"
1976-02-01,41.14,"평균기온 2.8°C, 평균습도 65.3%, 유효 29일"
1976-03-01,44.68,"평균기온 4.8°C, 평균습도 59.5%, 유효 31일"
1976-04-01,53.71,"평균기온 11.3°C, 평균습도 55.7%, 유효 30일"
1976-05-01,60.75,"평균기온 16.7°C, 평균습도 56.5%, 유효 31일"
1976-06-01,67.94,"평균기온 21.3°C, 평균습도 66.7%, 유효 30일"
1976-07-01,71.26,"평균기온 23.1°C, 평균습도 73.8%, 유효 31일"
1976-08-01,72.85,"평균기온 23.7°C, 평균습도 81.6%, 유효 31일"
1976-09-01,66.26,"평균기온 19.9°C, 평균습도 70.0%, 유효 30일"
1976-10-01,57.17,"평균기온 13.7°C, 평균습도 68.2%, 유효 31일"
1976-11-01,42.04,"평균기온 3.5°C, 평균습도 66.7%, 유효 30일"
1976-12-01,37.5,"평균기온 0.4°C, 평균습도 68.4%, 유효 31일"
1977-01-01,28.68,"평균기온 -6.7°C, 평균습도 59.4%, 유효 31일"
1977-02-01,34.57,"평균기온 -2.4°C, 평균습도 61.4%, 유효 28일"
1977-03-01,45.36,"평균기온 5.4°C, 평균습도 61.8%, 유효 31일"
1977-04-01,55.14,"평균기온 12.5°C, 평균습도 67.2%, 유효 30일"
1977-05-01,62.11,"평균기온 17.4°C, 평균습도 66.9%, 유효 31일"
1977-06-01,69.83,"평균기온 22.5°C, 평균습도 67.5%, 유효 30일"
1977-07-01,76.46,"평균기온 26.0°C, 평균습도 80.6%, 유효 31일"
1977-08-01,72.85,"평균기온 24.6°C, 평균습도 65.9%, 유효 31일"
1977-09-01,68.76,"평균기온 21.5°C, 평균습도 70.2%, 유효 30일"
1977-10-01,61.44,"평균기온 16.7°C, 평균습도 70.7%, 유효 31일"
1977-11-01,48.01,"평균기온 7.6°C, 평균습도 68.7%, 유효 30일"
1977-12-01,39.82,"평균기온 2.4°C, 평균습도 74.0%, 유효 31일"
1978-01-01,33.42,"평균기온 -2.4°C, 평균습도 66.9%, 유효 31일"
1978-02-01,33.76,"평균기온 -2.5°C, 평균습도 64.8%, 유효 28일"
1978-03-01,43.18,"평균기온 4.2°C, 평균습도 64.0%, 유효 31일"
1978-04-01,54.05,"평균기온 11.5°C, 평균습도 54.4%, 유효 30일"
1978-05-01,63.39,"평균기온 18.5°C, 평균습도 52.9%, 유효 31일"
1978-06-01,69.32,"평균기온 21.9°C, 평균습도 71.6%, 유효 30일"
1978-07-01,77.11,"평균기온 26.4°C, 평균습도 80.7%, 유효 31일"
1978-08-01,76.2,"평균기온 25.8°C, 평균습도 80.5%, 유효 31일"
1978-09-01,67.89,"평균기온 20.9°C, 평균습도 71.6%, 유효 30일"
1978-10-01,58.12,"평균기온 14.5°C, 평균습도 64.9%, 유효 31일"
1978-11-01,48.75,"평균기온 7.9°C, 평균습도 63.7%, 유효 30일"
1978-12-01,39.84,"평균기온 1.6°C, 평균습도 65.5%, 유효 31일"
1979-01-01,38.44,"평균기온 0.9°C, 평균습도 65.5%, 유효 31일"
1979-02-01,38.27,"평균기온 0.6°C, 평균습도 63.8%, 유효 28일"
1979-03-01,45.96,"평균기온 6.0°C, 평균습도 61.1%, 유효 31일"
1979-04-01,53.5,"평균기온 11.2°C, 평균습도 59.2%, 유효 30일"
1979-05-01,60.96,"평균기온 16.5°C, 평균습도 66.5%, 유효 31일"
1979-06-01,69.23,"평균기온 21.4°C, 평균습도 82.5%, 유효 30일"
1979-07-01,73.92,"평균기온 24.3°C, 평균습도 81.3%, 유효 31일"
1979-08-01,75.43,"평균기온 25.4°C, 평균습도 78.0%, 유효 31일"
1979-09-01,66.62,"평균기온 20.1°C, 평균습도 72.7%, 유효 30일"
1979-10-01,60.14,"평균기온 15.9°C, 평균습도 67.4%, 유효 31일"
1979-11-01,45.92,"평균기온 5.7°C, 평균습도 62.3%, 유효 30일"
1979-12-01,38.57,"평균기온 1.4°C, 평균습도 70.3%, 유효 31일"
1980-01-01,32.11,"평균기온 -3.7°C, 평균습도 64.4%, 유효 31일"
1980-02-01,32.88,"평균기온 -3.1°C, 평균습도 64.0%, 유효 29일"
1980-03-01,44.8,"평균기온 5.2°C, 평균습도 63.2%, 유효 31일"
1980-04-01,51.78,"평균기온 10.1°C, 평균습도 64.7%, 유효 30일"
1980-05-01,60.96,"평균기온 16.5°C, 평균습도 64.9%, 유효 31일"
1980-06-01,69.05,"평균기온 21.6°C, 평균습도 76.3%, 유효 30일"
1980-07-01,71.27,"평균기온 22.7°C, 평균습도 80.3%, 유효 31일"
1980-08-01,71.03,"평균기온 22.8°C, 평균습도 75.6%, 유효 31일"
1980-09-01,65.73,"평균기온 19.6°C, 평균습도 66.3%, 유효 30일"
1980-10-01,56.11,"평균기온 13.0°C, 평균습도 61.9%, 유효 31일"
1980-11-01,49.63,"평균기온 8.6°C, 평균습도 64.7%, 유효 30일"
1980-12-01,31.87,"평균기온 -3.8°C, 평균습도 63.6%, 유효 31일"
1981-01-01,26.79,"평균기온 -7.0°C, 평균습도 65.4%, 유효 31일"
1981-02-01,35.25,"평균기온 -1.4°C, 평균습도 64.9%, 유효 28일"
1981-03-01,45.51,"평균기온 5.7°C, 평균습도 61.3%, 유효 31일"
1981-04-01,54.03,"평균기온 11.8°C, 평균습도 66.3%, 유효 30일"
1981-05-01,60.2,"평균기온 15.9°C, 평균습도 69.1%, 유효 31일"
1981-06-01,68.96,"평균기온 21.8°C, 평균습도 67.2%, 유효 30일"
1981-07-01,75.64,"평균기온 25.4°C, 평균습도 82.0%, 유효 31일"
1981-08-01,73.67,"평균기온 24.5°C, 평균습도 75.7%, 유효 31일"
1981-09-01,66.5,"평균기온 20.0°C, 평균습도 71.5%, 유효 30일"
1981-10-01,56.53,"평균기온 13.4°C, 평균습도 66.6%, 유효 31일"
1981-11-01,43.11,"평균기온 3.6°C, 평균습도 58.8%, 유효 30일"
1981-12-01,37.45,"평균기온 0.1°C, 평균습도 65.0%, 유효 31일"
1982-01-01,32.42,"평균기온 -3.6°C, 평균습도 63.3%, 유효 31일"
1982-02-01,38.52,"평균기온 0.6°C, 평균습도 61.8%, 유효 28일"
1982-03-01,46.1,"평균기온 5.9°C, 평균습도 61.0%, 유효 31일"
1982-04-01,55.11,"평균기온 12.3°C, 평균습도 52.7%, 유효 30일"
1982-05-01,63.17,"평균기온 17.9°C, 평균습도 68.3%, 유효 31일"
1982-06-01,68.87,"평균기온 21.9°C, 평균습도 66.5%, 유효 30일"
1982-07-01,74.23,"평균기온 25.1°C, 평균습도 72.7%, 유효 31일"
1982-08-01,75.56,"평균기온 25.4°C, 평균습도 80.3%, 유효 31일"
1982-09-01,67.07,"평균기온 20.8°C, 평균습도 60.5%, 유효 30일"
1982-10-01,60.19,"평균기온 15.8°C, 평균습도 64.7%, 유효 31일"
1982-11-01,48.77,"평균기온 7.9°C, 평균습도 66.0%, 유효 30일"
1982-12-01,37.25,"평균기온 -0.1°C, 평균습도 64.5%, 유효 31일"
1983-01-01,35.16,"평균기온 -1.7°C, 평균습도 63.8%, 유효 31일"
1983-02-01,35.8,"평균기온 -1.7°C, 평균습도 58.3%, 유효 28일"
1983-03-01,46.41,"평균기온 6.4°C, 평균습도 59.6%, 유효 31일"
1983-04-01,56.78,"평균기온 13.6°C, 평균습도 57.0%, 유효 30일"
1983-05-01,63.78,"평균기온 18.5°C, 평균습도 61.6%, 유효 31일"
1983-06-01,69.2,"평균기온 22.2°C, 평균습도 64.5%, 유효 30일"
1983-07-01,72.88,"평균기온 23.6°C, 평균습도 83.1%, 유효 31일"
1983-08-01,75.93,"평균기온 26.0°C, 평균습도 75.2%, 유효 31일"
1983-09-01,69.65,"평균기온 22.0°C, 평균습도 73.5%, 유효 30일"
1983-10-01,57.88,"평균기온 14.2°C, 평균습도 69.3%, 유효 31일"
1983-11-01,47.26,"평균기온 6.7°C, 평균습도 62.6%, 유효 30일"
1983-12-01,36.87,"평균기온 -1.1°C, 평균습도 56.1%, 유효 31일"
1984-01-01,31.25,"평균기온 -5.9°C, 평균습도 52.9%, 유효 31일"
1984-02-01,34.97,"평균기온 -3.5°C, 평균습도 50.0%, 유효 29일"
1984-03-01,41.8,"평균기온 2.5°C, 평균습도 55.0%, 유효 31일"
1984-04-01,54.82,"평균기온 12.1°C, 평균습도 60.5%, 유효 30일"
1984-05-01,63.47,"평균기온 18.2°C, 평균습도 64.2%, 유효 31일"
1984-06-01,70.11,"평균기온 22.6°C, 평균습도 70.6%, 유효 30일"
1984-07-01,75.2,"평균기온 25.2°C, 평균습도 80.5%, 유효 31일"
1984-08-01,76.8,"평균기온 26.3°C, 평균습도 79.3%, 유효 31일"
1984-09-01,66.79,"평균기온 20.1°C, 평균습도 74.8%, 유효 30일"
1984-10-01,57.29,"평균기온 13.8°C, 평균습도 66.5%, 유효 31일"
1984-11-01,48.73,"평균기온 8.1°C, 평균습도 68.9%, 유효 30일"
1984-12-01,35.7,"평균기온 -0.9°C, 평균습도 67.1%, 유효 31일"
1985-01-01,29.22,"평균기온 -5.9°C, 평균습도 62.5%, 유효 31일"
1985-02-01,36.16,"평균기온 -0.3°C, 평균습도 68.9%, 유효 28일"
1985-03-01,43.85,"평균기온 4.3°C, 평균습도 59.5%, 유효 31일"
1985-04-01,53.76,"평균기온 11.6°C, 평균습도 61.4%, 유효 30일"
1985-05-01,63.04,"평균기온 18.1°C, 평균습도 66.4%, 유효 31일"
1985-06-01,69.51,"평균기온 22.1°C, 평균습도 70.5%, 유효 30일"
1985-07-01,75.39,"평균기온 25.3°C, 평균습도 81.1%, 유효 31일"
1985-08-01,76.97,"평균기온 26.3°C, 평균습도 80.2%, 유효 31일"
1985-09-01,67.18,"평균기온 20.2°C, 평균습도 78.4%, 유효 30일"
1985-10-01,58.58,"평균기온 14.7°C, 평균습도 73.2%, 유효 31일"
1985-11-01,44.54,"평균기온 5.6°C, 평균습도 72.6%, 유효 30일"
1985-12-01,31.88,"평균기온 -3.4°C, 평균습도 67.3%, 유효 31일"
1986-01-01,28.78,"평균기온 -5.4°C, 평균습도 68.2%, 유효 31일"
1986-02-01,32.26,"평균기온 -3.4°C, 평균습도 65.2%, 유효 28일"
1986-03-01,43.83,"평균기온 4.9°C, 평균습도 68.4%, 유효 31일"
1986-04-01,54.66,"평균기온 11.9°C, 평균습도 56.0%, 유효 30일"
1986-05-01,61.67,"평균기온 17.1°C, 평균습도 65.7%, 유효 31일"
1986-06-01,69.29,"평균기온 21.9°C, 평균습도 74.3%, 유효 30일"
1986-07-01,72.47,"평균기온 23.5°C, 평균습도 80.1%, 유효 31일"
1986-08-01,73.88,"평균기온 24.5°C, 평균습도 78.3%, 유효 31일"
1986-09-01,66.46,"평균기온 19.9°C, 평균습도 73.8%, 유효 30일"
1986-10-01,55.59,"평균기온 12.7°C, 평균습도 69.6%, 유효 31일"
1986-11-01,44.93,"평균기온 5.2°C, 평균습도 63.5%, 유효 30일"
1986-12-01,39.32,"평균기온 1.9°C, 평균습도 69.7%, 유효 31일"
1987-01-01,33.43,"평균기온 -3.0°C, 평균습도 62.4%, 유효 31일"
1987-02-01,37.29,"평균기온 -0.1°C, 평균습도 64.5%, 유효 28일"
1987-03-01,42.95,"평균기온 4.0°C, 평균습도 65.5%, 유효 31일"
1987-04-01,52.93,"평균기온 10.8°C, 평균습도 61.5%, 유효 30일"
1987-05-01,61.65,"평균기온 17.0°C, 평균습도 64.3%, 유효 31일"
1987-06-01,69.52,"평균기온 22.4°C, 평균습도 66.2%, 유효 30일"
1987-07-01,72.98,"평균기온 23.7°C, 평균습도 82.4%, 유효 31일"
1987-08-01,74.3,"평균기온 24.4°C, 평균습도 84.8%, 유효 31일"
1987-09-01,66.5,"평균기온 20.1°C, 평균습도 69.3%, 유효 30일"
1987-10-01,59.66,"평균기온 15.5°C, 평균습도 65.2%, 유효 31일"
1987-11-01,48.49,"평균기온 7.5°C, 평균습도 61.9%, 유효 30일"
1987-12-01,39.53,"평균기온 0.9°C, 평균습도 59.3%, 유효 31일"
1988-01-01,34.97,"평균기온 -2.1°C, 평균습도 60.0%, 유효 31일"
1988-02-01,36.61,"평균기온 -1.5°C, 평균습도 54.9%, 유효 29일"
1988-03-01,44.54,"평균기온 4.3°C, 평균습도 51.7%, 유효 31일"
1988-04-01,53.84,"평균기온 11.3°C, 평균습도 55.8%, 유효 30일"
1988-05-01,62.53,"평균기온 17.9°C, 평균습도 54.3%, 유효 31일"
1988-06-01,69.43,"평균기온 22.3°C, 평균습도 69.4%, 유효 30일"
1988-07-01,73.63,"평균기온 24.4°C, 평균습도 77.6%, 유효 31일"
1988-08-01,76.05,"평균기온 26.4°C, 평균습도 71.8%, 유효 31일"
1988-09-01,68.23,"평균기온 21.4°C, 평균습도 66.0%, 유효 30일"
1988-10-01,58.91,"평균기온 15.0°C, 평균습도 58.2%, 유효 31일"
1988-11-01,45.96,"평균기온 5.5°C, 평균습도 55.0%, 유효 30일"
1988-12-01,38.31,"평균기온 0.1°C, 평균습도 59.2%, 유효 31일"
1989-01-01,37.89,"평균기온 0.8°C, 평균습도 69.3%, 유효 31일"
1989-02-01,41.65,"평균기온 2.4°C, 평균습도 57.2%, 유효 28일"
1989-03-01,46.18,"평균기온 6.1°C, 평균습도 61.6%, 유효 31일"
1989-04-01,57.83,"평균기온 14.3°C, 평균습도 48.1%, 유효 30일"
1989-05-01,62.85,"평균기온 17.9°C, 평균습도 64.3%, 유효 31일"
1989-06-01,67.84,"평균기온 21.2°C, 평균습도 66.8%, 유효 30일"
1989-07-01,73.95,"평균기온 24.5°C, 평균습도 79.3%, 유효 31일"
1989-08-01,74.64,"평균기온 25.5°C, 평균습도 71.7%, 유효 31일"
1989-09-01,67.59,"평균기온 20.7°C, 평균습도 73.5%, 유효 30일"
1989-10-01,56.87,"평균기온 13.6°C, 평균습도 65.5%, 유효 31일"
1989-11-01,47.71,"평균기온 7.1°C, 평균습도 66.8%, 유효 30일"
1989-12-01,38.91,"평균기온 1.4°C, 평균습도 67.7%, 유효 31일"
1990-01-01,33.53,"평균기온 -3.2°C, 평균습도 60.9%, 유효 31일"
1990-02-01,40.14,"평균기온 2.7°C, 평균습도 71.9%, 유효 28일"
1990-03-01,47.45,"평균기온 7.2°C, 평균습도 65.1%, 유효 31일"
1990-04-01,53.22,"평균기온 11.3°C, 평균습도 63.7%, 유효 30일"
1990-05-01,60.56,"평균기온 16.2°C, 평균습도 73.6%, 유효 31일"
1990-06-01,68.07,"평균기온 20.7°C, 평균습도 80.9%, 유효 30일"
1990-07-01,75.27,"평균기온 24.9°C, 평균습도 85.0%, 유효 31일"
1990-08-01,76.71,"평균기온 26.4°C, 평균습도 77.3%, 유효 31일"
1990-09-01,68.36,"평균기온 21.1°C, 평균습도 73.6%, 유효 30일"
1990-10-01,59.47,"평균기온 15.4°C, 평균습도 62.9%, 유효 31일"
1990-11-01,51.59,"평균기온 10.0°C, 평균습도 71.2%, 유효 30일"
1990-12-01,38.06,"평균기온 0.8°C, 평균습도 67.7%, 유효 31일"
1991-01-01,33.79,"평균기온 -2.6°C, 평균습도 62.6%, 유효 31일"
1991-02-01,36.62,"평균기온 -0.9°C, 평균습도 60.8%, 유효 28일"
1991-03-01,44.24,"평균기온 4.9°C, 평균습도 63.5%, 유효 31일"
1991-04-01,55.99,"평균기온 13.0°C, 평균습도 56.2%, 유효 30일"
1991-05-01,62.16,"평균기온 17.5°C, 평균습도 59.4%, 유효 31일"
1991-06-01,70.16,"평균기온 22.6°C, 평균습도 69.9%, 유효 30일"
1991-07-01,74.17,"평균기온 24.3°C, 평균습도 83.6%, 유효 31일"
1991-08-01,74.68,"평균기온 25.5°C, 평균습도 70.7%, 유효 31일"
1991-09-01,67.98,"평균기온 21.1°C, 평균습도 70.2%, 유효 30일"
1991-10-01,57.22,"평균기온 13.8°C, 평균습도 61.1%, 유효 31일"
1991-11-01,47.09,"평균기온 6.5°C, 평균습도 59.0%, 유효 30일"
1991-12-01,39.89,"평균기온 2.2°C, 평균습도 69.0%, 유효 31일"
1992-01-01,36.41,"평균기온 -0.2°C, 평균습도 68.1%, 유효 31일"
1992-02-01,38.79,"평균기온 0.7°C, 평균습도 61.7%, 유효 29일"
1992-03-01,48.38,"평균기온 7.6°C, 평균습도 57.7%, 유효 31일"
1992-04-01,54.35,"평균기온 12.0°C, 평균습도 58.5%, 유효 30일"
1992-05-01,60.67,"평균기온 16.4°C, 평균습도 64.5%, 유효 31일"
1992-06-01,67.27,"평균기온 20.9°C, 평균습도 65.9%, 유효 30일"
1992-07-01,74.63,"평균기온 24.8°C, 평균습도 80.5%, 유효 31일"
1992-08-01,74.08,"평균기온 24.8°C, 평균습도 76.4%, 유효 31일"
1992-09-01,67.86,"평균기온 20.9°C, 평균습도 71.2%, 유효 30일"
1992-10-01,57.41,"평균기온 14.0°C, 평균습도 69.8%, 유효 31일"
1992-11-01,46.03,"평균기온 6.2°C, 평균습도 66.9%, 유효 30일"
1992-12-01,39.62,"평균기온 1.5°C, 평균습도 64.8%, 유효 31일"
1993-01-01,34.92,"평균기온 -1.9°C, 평균습도 61.6%, 유효 31일"
1993-02-01,39.1,"평균기온 1.0°C, 평균습도 62.7%, 유효 28일"
1993-03-01,45.66,"평균기온 5.8°C, 평균습도 63.2%, 유효 31일"
1993-04-01,52.47,"평균기온 10.6°C, 평균습도 63.1%, 유효 30일"
1993-05-01,63.34,"평균기온 18.2°C, 평균습도 63.9%, 유효 31일"
1993-06-01,68.71,"평균기온 21.3°C, 평균습도 77.4%, 유효 30일"
1993-07-01,71.89,"평균기온 23.3°C, 평균습도 77.1%, 유효 31일"
1993-08-01,71.98,"평균기온 23.2°C, 평균습도 80.3%, 유효 31일"
1993-09-01,67.99,"평균기온 21.2°C, 평균습도 67.3%, 유효 30일"
1993-10-01,56.51,"평균기온 13.4°C, 평균습도 60.7%, 유효 31일"
1993-11-01,49.29,"평균기온 8.5°C, 평균습도 69.7%, 유효 30일"
1993-12-01,37.55,"평균기온 -0.2°C, 평균습도 61.7%, 유효 31일"
1994-01-01,37.23,"평균기온 -0.9°C, 평균습도 57.7%, 유효 31일"
1994-02-01,39.51,"평균기온 0.8°C, 평균습도 55.3%, 유효 28일"
1994-03-01,43.58,"평균기온 4.0°C, 평균습도 59.5%, 유효 31일"
1994-04-01,58.91,"평균기온 15.2°C, 평균습도 53.2%, 유효 30일"
1994-05-01,63.01,"평균기온 17.9°C, 평균습도 67.1%, 유효 31일"
1994-06-01,70.27,"평균기온 22.8°C, 평균습도 67.7%, 유효 30일"
1994-07-01,80.14,"평균기온 28.5°C, 평균습도 78.9%, 유효 31일"
1994-08-01,78.46,"평균기온 27.6°C, 평균습도 75.6%, 유효 31일"
1994-09-01,67.89,"평균기온 21.0°C, 평균습도 68.6%, 유효 30일"
1994-10-01,59.24,"평균기온 15.2°C, 평균습도 70.8%, 유효 31일"
1994-11-01,50.67,"평균기온 9.3°C, 평균습도 63.4%, 유효 30일"
1994-12-01,39.96,"평균기온 1.1°C, 평균습도 59.7%, 유효 31일"
1995-01-01,36.43,"평균기온 -2.1°C, 평균습도 52.2%, 유효 31일"
1995-02-01,40.07,"평균기온 1.2°C, 평균습도 56.0%, 유효 28일"
1995-03-01,45.88,"평균기온 6.0°C, 평균습도 64.1%, 유효 31일"
1995-04-01,53.64,"평균기온 11.3°C, 평균습도 53.4%, 유효 30일"
1995-05-01,61.63,"평균기온 17.1°C, 평균습도 57.9%, 유효 31일"
1995-06-01,68.75,"평균기온 21.6°C, 평균습도 70.5%, 유효 30일"
1995-07-01,74.14,"평균기온 24.5°C, 평균습도 81.4%, 유효 31일"
1995-08-01,77.01,"평균기온 26.0°C, 평균습도 84.6%, 유효 31일"
1995-09-01,66.28,"평균기온 20.0°C, 평균습도 67.5%, 유효 30일"
1995-10-01,59.56,"평균기온 15.5°C, 평균습도 60.8%, 유효 31일"
1995-11-01,46.97,"평균기온 6.2°C, 평균습도 56.7%, 유효 30일"
1995-12-01,37.34,"평균기온 -1.0°C, 평균습도 55.1%, 유효 31일"
1996-01-01,36.61,"평균기온 -2.2°C, 평균습도 50.5%, 유효 31일"
1996-02-01,37.93,"평균기온 -1.6°C, 평균습도 47.2%, 유효 29일"
1996-03-01,45.27,"평균기온 4.9°C, 평균습도 53.8%, 유효 31일"
1996-04-01,52.81,"평균기온 10.2°C, 평균습도 52.3%, 유효 30일"
1996-05-01,63.34,"평균기온 18.4°C, 평균습도 57.8%, 유효 31일"
1996-06-01,70.07,"평균기온 22.3°C, 평균습도 74.9%, 유효 30일"
1996-07-01,73.46,"평균기온 24.4°C, 평균습도 75.7%, 유효 31일"
1996-08-01,75.73,"평균기온 26.0°C, 평균습도 73.2%, 유효 31일"
1996-09-01,69.07,"평균기온 22.0°C, 평균습도 65.9%, 유효 30일"
1996-10-01,58.23,"평균기온 14.5°C, 평균습도 63.2%, 유효 31일"
1996-11-01,46.3,"평균기온 6.1°C, 평균습도 63.5%, 유효 30일"
1996-12-01,40.31,"평균기온 1.6°C, 평균습도 58.9%, 유효 31일"
1997-01-01,33.76,"평균기온 -3.3°C, 평균습도 57.4%, 유효 31일"
1997-02-01,39.74,"평균기온 0.7°C, 평균습도 54.0%, 유효 28일"
1997-03-01,47.63,"평균기온 6.8°C, 평균습도 56.3%, 유효 31일"
1997-04-01,55.87,"평균기온 13.0°C, 평균습도 54.9%, 유효 30일"
1997-05-01,61.74,"평균기온 17.0°C, 평균습도 66.2%, 유효 31일"
1997-06-01,70.92,"평균기온 23.4°C, 평균습도 65.3%, 유효 30일"
1997-07-01,76.58,"평균기온 26.1°C, 평균습도 80.1%, 유효 31일"
1997-08-01,76.65,"평균기온 26.8°C, 평균습도 70.5%, 유효 31일"
1997-09-01,66.26,"평균기온 20.2°C, 평균습도 63.2%, 유효 30일"
1997-10-01,56.83,"평균기온 13.4°C, 평균습도 54.9%, 유효 31일"
1997-11-01,50.29,"평균기온 8.8°C, 평균습도 60.9%, 유효 30일"
1997-12-01,40.68,"평균기온 1.8°C, 평균습도 59.3%, 유효 31일"
1998-01-01,36.27,"평균기온 -1.4°C, 평균습도 59.0%, 유효 31일"
1998-02-01,42.45,"평균기온 3.4°C, 평균습도 58.8%, 유효 28일"
1998-03-01,48.28,"평균기온 7.3°C, 평균습도 57.6%, 유효 31일"
1998-04-01,59.65,"평균기온 15.6°C, 평균습도 64.6%, 유효 30일"
1998-05-01,64.26,"평균기온 19.0°C, 평균습도 59.3%, 유효 31일"
1998-06-01,68.81,"평균기온 21.9°C, 평균습도 66.5%, 유효 30일"
1998-07-01,74.11,"평균기온 24.9°C, 평균습도 74.5%, 유효 31일"
1998-08-01,74.76,"평균기온 25.0°C, 평균습도 78.4%, 유효 31일"
1998-09-01,70.83,"평균기온 23.0°C, 평균습도 70.2%, 유효 30일"
1998-10-01,61.92,"평균기온 17.0°C, 평균습도 66.8%, 유효 31일"
1998-11-01,48.22,"평균기온 7.3°C, 평균습도 61.3%, 유효 30일"
1998-12-01,41.13,"평균기온 2.3°C, 평균습도 59.4%, 유효 31일"
1999-01-01,37.25,"평균기온 -0.8°C, 평균습도 58.3%, 유효 31일"
1999-02-01,39.09,"평균기온 0.7°C, 평균습도 60.1%, 유효 28일"
1999-03-01,47.96,"평균기온 6.7°C, 평균습도 49.8%, 유효 31일"
1999-04-01,57.14,"평균기온 13.9°C, 평균습도 59.0%, 유효 30일"
1999-05-01,62.3,"평균기온 17.5°C, 평균습도 65.4%, 유효 31일"
1999-06-01,70.64,"평균기온 23.1°C, 평균습도 67.4%, 유효 30일"
1999-07-01,75.48,"평균기온 25.9°C, 평균습도 73.2%, 유효 31일"
1999-08-01,75.64,"평균기온 26.0°C, 평균습도 74.1%, 유효 31일"
1999-09-01,71.09,"평균기온 22.9°C, 평균습도 75.7%, 유효 30일"
1999-10-01,57.94,"평균기온 14.3°C, 평균습도 70.5%, 유효 31일"
1999-11-01,48.72,"평균기온 7.9°C, 평균습도 65.2%, 유효 30일"
1999-12-01,37.93,"평균기온 0.4°C, 평균습도 63.5%, 유효 31일"
2000-01-01,34.51,"평균기온 -2.1°C, 평균습도 63.7%, 유효 31일"
2000-02-01,36.21,"평균기온 -1.7°C, 평균습도 55.7%, 유효 29일"
2000-03-01,46.97,"평균기온 6.3°C, 평균습도 55.2%, 유효 31일"
2000-04-01,54.5,"평균기온 11.9°C, 평균습도 55.8%, 유효 30일"
2000-05-01,62.37,"평균기온 17.5°C, 평균습도 66.4%, 유효 31일"
2000-06-01,71.46,"평균기온 23.7°C, 평균습도 65.0%, 유효 30일"
2000-07-01,76.9,"평균기온 26.8°C, 평균습도 73.5%, 유효 31일"
2000-08-01,76.47,"평균기온 26.2°C, 평균습도 79.0%, 유효 31일"
2000-09-01,67.38,"평균기온 20.7°C, 평균습도 70.9%, 유효 30일"
2000-10-01,58.91,"평균기온 14.9°C, 평균습도 64.1%, 유효 31일"
2000-11-01,47.79,"평균기온 7.0°C, 평균습도 56.9%, 유효 30일"
2000-12-01,39.47,"평균기온 0.9°C, 평균습도 57.6%, 유효 31일"
2001-01-01,31.86,"평균기온 -4.2°C, 평균습도 62.1%, 유효 31일"
2001-02-01,37.6,"평균기온 -0.3°C, 평균습도 60.0%, 유효 28일"
2001-03-01,45.34,"평균기온 5.0°C, 평균습도 51.4%, 유효 31일"
2001-04-01,56.66,"평균기온 13.6°C, 평균습도 50.0%, 유효 30일"
2001-05-01,64.53,"평균기온 19.1°C, 평균습도 60.9%, 유효 31일"
2001-06-01,70.1,"평균기온 22.5°C, 평균습도 70.7%, 유효 30일"
2001-07-01,75.74,"평균기온 25.9°C, 평균습도 75.7%, 유효 31일"
2001-08-01,75.93,"평균기온 26.5°C, 평균습도 68.9%, 유효 31일"
2001-09-01,69.1,"평균기온 22.5°C, 평균습도 58.1%, 유효 30일"
2001-10-01,61.02,"평균기온 16.5°C, 평균습도 65.3%, 유효 31일"
2001-11-01,47.94,"평균기온 7.0°C, 평균습도 58.3%, 유효 30일"
2001-12-01,38.58,"평균기온 -0.6°C, 평균습도 49.3%, 유효 31일"
2002-01-01,38.12,"평균기온 0.3°C, 평균습도 63.3%, 유효 31일"
2002-02-01,42.59,"평균기온 2.9°C, 평균습도 54.7%, 유효 28일"
2002-03-01,48.84,"평균기온 7.6°C, 평균습도 54.5%, 유효 31일"
2002-04-01,56.71,"평균기온 13.6°C, 평균습도 53.1%, 유효 30일"
2002-05-01,63.09,"평균기온 18.2°C, 평균습도 62.0%, 유효 31일"
2002-06-01,68.92,"평균기온 22.2°C, 평균습도 61.5%, 유효 30일"
2002-07-01,74.56,"평균기온 25.2°C, 평균습도 74.3%, 유효 31일"
2002-08-01,73.45,"평균기온 24.2°C, 평균습도 78.8%, 유효 31일"
2002-09-01,68.47,"평균기온 21.6°C, 평균습도 66.7%, 유효 30일"
2002-10-01,56.0,"평균기온 12.8°C, 평균습도 60.4%, 유효 31일"
2002-11-01,44.0,"평균기온 4.0°C, 평균습도 55.5%, 유효 30일"
2002-12-01,40.36,"평균기온 1.7°C, 평균습도 59.5%, 유효 31일"
2003-01-01,34.44,"평균기온 -2.6°C, 평균습도 60.3%, 유효 31일"
2003-02-01,41.37,"평균기온 2.7°C, 평균습도 61.8%, 유효 28일"
2003-03-01,46.94,"평균기온 6.5°C, 평균습도 58.0%, 유효 31일"
2003-04-01,55.96,"평균기온 13.2°C, 평균습도 59.6%, 유효 30일"
2003-05-01,64.94,"평균기온 19.6°C, 평균습도 56.7%, 유효 31일"
2003-06-01,68.38,"평균기온 21.5°C, 평균습도 68.7%, 유효 30일"
2003-07-01,72.49,"평균기온 23.8°C, 평균습도 74.9%, 유효 31일"
2003-08-01,73.13,"평균기온 24.1°C, 평균습도 76.9%, 유효 31일"
2003-09-01,67.92,"평균기온 20.9°C, 평균습도 72.4%, 유효 30일"
2003-10-01,57.38,"평균기온 13.9°C, 평균습도 61.0%, 유효 31일"
2003-11-01,51.05,"평균기온 9.5°C, 평균습도 66.1%, 유효 30일"
2003-12-01,39.16,"평균기온 0.7°C, 평균습도 58.7%, 유효 31일"
2004-01-01,35.85,"평균기온 -1.6°C, 평균습도 59.3%, 유효 31일"
2004-02-01,41.54,"평균기온 2.3°C, 평균습도 55.8%, 유효 29일"
2004-03-01,47.38,"평균기온 6.3°C, 평균습도 49.0%, 유효 31일"
2004-04-01,56.22,"평균기온 13.1°C, 평균습도 50.8%, 유효 30일"
2004-05-01,62.56,"평균기온 17.6°C, 평균습도 67.6%, 유효 31일"
2004-06-01,70.44,"평균기온 23.2°C, 평균습도 64.1%, 유효 30일"
2004-07-01,74.62,"평균기온 24.8°C, 평균습도 81.7%, 유효 31일"
2004-08-01,75.48,"평균기온 26.1°C, 평균습도 70.4%, 유효 31일"
2004-09-01,68.74,"평균기온 21.7°C, 평균습도 68.7%, 유효 30일"
2004-10-01,59.19,"평균기온 15.2°C, 평균습도 54.3%, 유효 31일"
2004-11-01,50.39,"평균기온 9.1°C, 평균습도 65.7%, 유효 30일"
2004-12-01,41.19,"평균기온 1.9°C, 평균습도 56.3%, 유효 31일"
2005-01-01,35.67,"평균기온 -2.5°C, 평균습도 52.2%, 유효 31일"
2005-02-01,36.92,"평균기온 -1.9°C, 평균습도 49.4%, 유효 28일"
2005-03-01,44.29,"평균기온 4.1°C, 평균습도 54.3%, 유효 31일"
2005-04-01,56.52,"평균기온 13.2°C, 평균습도 53.0%, 유효 30일"
2005-05-01,62.18,"평균기온 17.7°C, 평균습도 55.1%, 유효 31일"
2005-06-01,70.22,"평균기온 22.7°C, 평균습도 68.9%, 유효 30일"
2005-07-01,74.89,"평균기온 25.3°C, 평균습도 76.3%, 유효 31일"
2005-08-01,74.59,"평균기온 25.1°C, 평균습도 75.4%, 유효 31일"
2005-09-01,69.07,"평균기온 21.8°C, 평균습도 70.6%, 유효 30일"
2005-10-01,58.42,"평균기온 14.7°C, 평균습도 64.6%, 유효 31일"
2005-11-01,50.41,"평균기온 8.6°C, 평균습도 55.1%, 유효 30일"
2005-12-01,33.95,"평균기온 -3.9°C, 평균습도 51.4%, 유효 31일"
2006-01-01,38.29,"평균기온 -0.2°C, 평균습도 56.4%, 유효 31일"
2006-02-01,39.15,"평균기온 0.1°C, 평균습도 52.7%, 유효 28일"
2006-03-01,45.87,"평균기온 5.2°C, 평균습도 50.4%, 유효 31일"
2006-04-01,54.04,"평균기온 11.6°C, 평균습도 54.9%, 유효 30일"
2006-05-01,63.41,"평균기온 18.4°C, 평균습도 57.3%, 유효 31일"
2006-06-01,68.76,"평균기온 21.8°C, 평균습도 67.8%, 유효 30일"
2006-07-01,72.0,"평균기온 23.1°C, 평균습도 81.7%, 유효 31일"
2006-08-01,76.79,"평균기온 27.0°C, 평균습도 69.1%, 유효 31일"
2006-09-01,67.17,"평균기온 21.1°C, 평균습도 58.1%, 유효 30일"
2006-10-01,62.98,"평균기온 17.9°C, 평균습도 62.1%, 유효 31일"
2006-11-01,49.7,"평균기온 8.3°C, 평균습도 57.5%, 유효 30일"
2006-12-01,40.19,"평균기온 1.4°C, 평균습도 58.5%, 유효 31일"
2007-01-01,38.9,"평균기온 0.4°C, 평균습도 56.2%, 유효 31일"
2007-02-01,44.1,"평균기온 4.0°C, 평균습도 52.8%, 유효 28일"
2007-03-01,46.43,"평균기온 6.1°C, 평균습도 59.7%, 유효 31일"
2007-04-01,53.85,"평균기온 11.4°C, 평균습도 52.9%, 유효 30일"
2007-05-01,63.02,"평균기온 18.1°C, 평균습도 62.1%, 유효 31일"
2007-06-01,70.16,"평균기온 23.2°C, 평균습도 60.9%, 유효 30일"
2007-07-01,72.93,"평균기온 24.2°C, 평균습도 74.8%, 유효 31일"
2007-08-01,76.63,"평균기온 26.5°C, 평균습도 74.8%, 유효 31일"
2007-09-01,68.91,"평균기온 21.5°C, 평균습도 73.7%, 유효 30일"
2007-10-01,59.05,"평균기온 15.1°C, 평균습도 62.6%, 유효 31일"
2007-11-01,47.71,"평균기온 6.7°C, 평균습도 54.7%, 유효 30일"
2007-12-01,40.3,"평균기온 1.8°C, 평균습도 60.1%, 유효 31일"
2008-01-01,37.29,"평균기온 -1.7°C, 평균습도 49.8%, 유효 31일"
2008-02-01,38.46,"평균기온 -1.2°C, 평균습도 45.6%, 유효 29일"
2008-03-01,48.07,"평균기온 7.3°C, 평균습도 56.2%, 유효 31일"
2008-04-01,57.32,"평균기온 14.1°C, 평균습도 50.3%, 유효 30일"
2008-05-01,62.54,"평균기온 17.7°C, 평균습도 58.1%, 유효 31일"
2008-06-01,68.11,"평균기온 21.5°C, 평균습도 65.3%, 유효 30일"
2008-07-01,74.83,"평균기온 25.1°C, 평균습도 78.3%, 유효 31일"
2008-08-01,74.16,"평균기온 25.3°C, 평균습도 69.4%, 유효 31일"
2008-09-01,69.04,"평균기온 22.0°C, 평균습도 64.1%, 유효 30일"
2008-10-01,60.52,"평균기온 16.1°C, 평균습도 61.6%, 유효 31일"
2008-11-01,48.71,"평균기온 7.6°C, 평균습도 57.9%, 유효 30일"
2008-12-01,40.13,"평균기온 1.1°C, 평균습도 56.0%, 유효 31일"
2009-01-01,36.63,"평균기온 -2.0°C, 평균습도 50.0%, 유효 31일"
2009-02-01,42.52,"평균기온 2.9°C, 평균습도 56.8%, 유효 28일"
2009-03-01,47.07,"평균기온 6.0°C, 평균습도 51.9%, 유효 31일"
2009-04-01,55.29,"평균기온 12.7°C, 평균습도 54.4%, 유효 30일"
2009-05-01,64.12,"평균기온 19.1°C, 평균습도 58.7%, 유효 31일"
2009-06-01,69.65,"평균기온 22.4°C, 평균습도 66.0%, 유효 30일"
2009-07-01,73.29,"평균기온 24.3°C, 평균습도 75.8%, 유효 31일"
2009-08-01,74.74,"평균기온 25.7°C, 평균습도 69.1%, 유효 31일"
2009-09-01,68.5,"평균기온 21.8°C, 평균습도 64.4%, 유효 30일"
2009-10-01,60.18,"평균기온 16.0°C, 평균습도 62.0%, 유효 31일"
2009-11-01,47.69,"평균기온 6.9°C, 평균습도 63.9%, 유효 30일"
2009-12-01,36.8,"평균기온 -1.0°C, 평균습도 60.3%, 유효 31일"
2010-01-01,30.81,"평균기온 -4.5°C, 평균습도 64.7%, 유효 31일"
2010-02-01,40.42,"평균기온 1.4°C, 평균습도 58.5%, 유효 28일"
2010-03-01,43.85,"평균기온 4.3°C, 평균습도 58.7%, 유효 31일"
2010-04-01,51.5,"평균기온 9.5°C, 평균습도 54.1%, 유효 30일"
2010-05-01,61.76,"평균기온 17.2°C, 평균습도 62.2%, 유효 31일"
2010-06-01,70.59,"평균기온 23.4°C, 평균습도 61.7%, 유효 30일"
2010-07-01,75.38,"평균기온 25.8°C, 평균습도 73.5%, 유효 31일"
2010-08-01,76.91,"평균기온 26.5°C, 평균습도 77.7%, 유효 31일"
2010-09-01,69.39,"평균기온 21.8°C, 평균습도 72.3%, 유효 30일"
2010-10-01,58.54,"평균기온 14.5°C, 평균습도 60.9%, 유효 31일"
2010-11-01,47.55,"평균기온 6.5°C, 평균습도 55.0%, 유효 30일"
2010-12-01,36.92,"평균기온 -1.3°C, 평균습도 55.9%, 유효 31일"
2011-01-01,29.11,"평균기온 -7.2°C, 평균습도 53.8%, 유효 31일"
2011-02-01,40.12,"평균기온 1.2°C, 평균습도 55.2%, 유효 28일"
2011-03-01,43.9,"평균기온 3.6°C, 평균습도 51.1%, 유효 31일"
2011-04-01,52.94,"평균기온 10.7°C, 평균습도 54.2%, 유효 30일"
2011-05-01,62.54,"평균기온 17.9°C, 평균습도 56.4%, 유효 31일"
2011-06-01,68.81,"평균기온 22.0°C, 평균습도 66.6%, 유효 30일"
2011-07-01,74.05,"평균기온 24.6°C, 평균습도 78.8%, 유효 31일"
2011-08-01,75.45,"평균기온 25.8°C, 평균습도 74.3%, 유효 31일"
2011-09-01,68.18,"평균기온 21.8°C, 평균습도 58.2%, 유효 30일"
2011-10-01,57.8,"평균기온 14.2°C, 평균습도 54.5%, 유효 31일"
2011-11-01,53.01,"평균기온 10.7°C, 평균습도 60.4%, 유효 30일"
2011-12-01,38.19,"평균기온 -0.9°C, 평균습도 50.4%, 유효 31일"
2012-01-01,35.84,"평균기온 -2.8°C, 평균습도 48.9%, 유효 31일"
2012-02-01,37.62,"평균기온 -2.0°C, 평균습도 43.2%, 유효 29일"
2012-03-01,45.73,"평균기온 5.1°C, 평균습도 51.8%, 유효 31일"
2012-04-01,55.13,"평균기온 12.3°C, 평균습도 54.1%, 유효 30일"
2012-05-01,64.68,"평균기온 19.7°C, 평균습도 48.2%, 유효 31일"
2012-06-01,70.98,"평균기온 24.1°C, 평균습도 54.1%, 유효 30일"
2012-07-01,74.75,"평균기온 25.4°C, 평균습도 73.8%, 유효 31일"
2012-08-01,76.54,"평균기온 27.1°C, 평균습도 68.0%, 유효 31일"
2012-09-01,67.45,"평균기온 21.0°C, 평균습도 65.2%, 유효 30일"
2012-10-01,59.3,"평균기온 15.3°C, 평균습도 58.2%, 유효 31일"
2012-11-01,45.89,"평균기온 5.5°C, 평균습도 57.2%, 유효 30일"
2012-12-01,32.84,"평균기온 -4.1°C, 평균습도 57.0%, 유효 31일"
2013-01-01,33.88,"평균기온 -3.4°C, 평균습도 57.1%, 유효 31일"
2013-02-01,37.22,"평균기온 -1.2°C, 평균습도 53.6%, 유효 28일"
2013-03-01,46.03,"평균기온 5.1°C, 평균습도 49.2%, 유효 31일"
2013-04-01,51.97,"평균기온 10.0°C, 평균습도 54.0%, 유효 30일"
2013-05-01,63.01,"평균기온 18.2°C, 평균습도 57.8%, 유효 31일"
2013-06-01,71.87,"평균기온 24.4°C, 평균습도 60.1%, 유효 30일"
2013-07-01,75.6,"평균기온 25.5°C, 평균습도 79.3%, 유효 31일"
2013-08-01,77.84,"평균기온 27.7°C, 평균습도 69.3%, 유효 31일"
2013-09-01,68.47,"평균기온 21.8°C, 평균습도 62.9%, 유효 30일"
2013-10-01,59.95,"평균기온 15.8°C, 평균습도 58.4%, 유효 31일"
2013-11-01,46.78,"평균기온 6.2°C, 평균습도 58.2%, 유효 30일"
2013-12-01,37.64,"평균기온 -0.2°C, 평균습도 60.2%, 유효 31일"
2014-01-01,38.42,"평균기온 -0.7°C, 평균습도 50.1%, 유효 31일"
2014-02-01,41.64,"평균기온 1.9°C, 평균습도 52.0%, 유효 28일"
2014-03-01,49.12,"평균기온 7.9°C, 평균습도 59.8%, 유효 31일"
2014-04-01,57.16,"평균기온 14.0°C, 평균습도 59.9%, 유효 30일"
2014-05-01,64.2,"평균기온 18.9°C, 평균습도 59.1%, 유효 31일"
2014-06-01,71.11,"평균기온 23.1°C, 평균습도 72.8%, 유효 30일"
2014-07-01,76.0,"평균기온 26.1°C, 평균습도 74.2%, 유효 31일"
2014-08-01,74.76,"평균기온 25.2°C, 평균습도 77.2%, 유효 31일"
2014-09-01,69.3,"평균기온 22.1°C, 평균습도 68.5%, 유효 30일"
2014-10-01,59.78,"평균기온 15.6°C, 평균습도 63.2%, 유효 31일"
2014-11-01,50.39,"평균기온 9.0°C, 평균습도 60.9%, 유효 30일"
2014-12-01,34.45,"평균기온 -2.9°C, 평균습도 56.3%, 유효 31일"
2015-01-01,37.23,"평균기온 -0.9°C, 평균습도 56.4%, 유효 31일"
2015-02-01,39.6,"평균기온 1.0°C, 평균습도 58.9%, 유효 28일"
2015-03-01,47.91,"평균기온 6.3°C, 평균습도 45.2%, 유효 31일"
2015-04-01,56.25,"평균기온 13.3°C, 평균습도 54.4%, 유효 30일"
2015-05-01,63.77,"평균기온 18.9°C, 평균습도 52.8%, 유효 31일"
2015-06-01,70.78,"평균기온 23.6°C, 평균습도 59.8%, 유효 30일"
2015-07-01,75.26,"평균기온 25.8°C, 평균습도 71.2%, 유효 31일"
2015-08-01,75.74,"평균기온 26.3°C, 평균습도 69.8%, 유효 31일"
2015-09-01,68.88,"평균기온 22.4°C, 평균습도 56.2%, 유효 30일"
2015-10-01,59.65,"평균기온 15.5°C, 평균습도 60.4%, 유효 31일"
2015-11-01,49.57,"평균기온 8.9°C, 평균습도 73.3%, 유효 30일"
2015-12-01,40.15,"평균기온 1.6°C, 평균습도 59.9%, 유효 31일"
2016-01-01,34.77,"평균기온 -3.2°C, 평균습도 53.0%, 유효 31일"
2016-02-01,39.41,"평균기온 0.2°C, 평균습도 52.1%, 유효 29일"
2016-03-01,48.35,"평균기온 7.0°C, 평균습도 51.0%, 유효 31일"
2016-04-01,57.24,"평균기온 14.1°C, 평균습도 54.8%, 유효 30일"
2016-05-01,64.65,"평균기온 19.6°C, 평균습도 56.2%, 유효 31일"
2016-06-01,71.09,"평균기온 23.6°C, 평균습도 62.9%, 유효 30일"
2016-07-01,75.91,"평균기온 26.2°C, 평균습도 72.9%, 유효 31일"
2016-08-01,77.53,"평균기온 28.0°C, 평균습도 63.9%, 유효 31일"
2016-09-01,70.55,"평균기온 23.1°C, 평균습도 64.5%, 유효 30일"
2016-10-01,60.55,"평균기온 16.1°C, 평균습도 62.2%, 유효 31일"
2016-11-01,47.89,"평균기온 6.8°C, 평균습도 56.8%, 유효 30일"
2016-12-01,39.83,"평균기온 1.2°C, 평균습도 59.2%, 유효 31일"
2017-01-01,36.3,"평균기온 -1.8°C, 평균습도 54.6%, 유효 31일"
2017-02-01,38.4,"평균기온 -0.2°C, 평균습도 53.7%, 유효 28일"
2017-03-01,47.52,"평균기온 6.3°C, 평균습도 48.1%, 유효 31일"
2017-04-01,57.24,"평균기온 13.9°C, 평균습도 52.4%, 유효 30일"
2017-05-01,64.64,"평균기온 19.5°C, 평균습도 52.3%, 유효 31일"
2017-06-01,70.06,"평균기온 23.3°C, 평균습도 56.6%, 유효 30일"
2017-07-01,77.53,"평균기온 26.9°C, 평균습도 77.2%, 유효 31일"
2017-08-01,75.32,"평균기온 25.9°C, 평균습도 70.8%, 유효 31일"
2017-09-01,68.87,"평균기온 22.1°C, 평균습도 60.9%, 유효 30일"
2017-10-01,61.15,"평균기온 16.6°C, 평균습도 55.8%, 유효 30일"
2017-11-01,46.55,"평균기온 5.6°C, 평균습도 53.4%, 유효 30일"
2017-12-01,36.14,"평균기온 -1.9°C, 평균습도 55.9%, 유효 31일"
2018-01-01,34.7,"평균기온 -4.0°C, 평균습도 48.0%, 유효 31일"
2018-02-01,38.05,"평균기온 -1.6°C, 평균습도 44.9%, 유효 28일"
2018-03-01,49.27,"평균기온 8.1°C, 평균습도 59.2%, 유효 31일"
2018-04-01,55.81,"평균기온 13.0°C, 평균습도 54.6%, 유효 30일"
2018-05-01,63.33,"평균기온 18.2°C, 평균습도 63.4%, 유효 31일"
2018-06-01,70.42,"평균기온 23.1°C, 평균습도 63.0%, 유효 30일"
2018-07-01,77.49,"평균기온 27.8°C, 평균습도 67.5%, 유효 31일"
2018-08-01,78.54,"평균기온 28.8°C, 평균습도 64.7%, 유효 31일"
2018-09-01,68.01,"평균기온 21.5°C, 평균습도 60.7%, 유효 30일"
2018-10-01,56.12,"평균기온 13.1°C, 평균습도 59.3%, 유효 31일"
2018-11-01,49.1,"평균기온 7.8°C, 평균습도 57.5%, 유효 30일"
2018-12-01,39.51,"평균기온 -0.6°C, 평균습도 45.8%, 유효 31일"
2019-01-01,38.78,"평균기온 -0.9°C, 평균습도 45.6%, 유효 31일"
2019-02-01,40.93,"평균기온 1.0°C, 평균습도 47.3%, 유효 28일"
2019-03-01,48.32,"평균기온 7.1°C, 평균습도 51.3%, 유효 31일"
2019-04-01,55.03,"평균기온 12.1°C, 평균습도 50.9%, 유효 30일"
2019-05-01,64.32,"평균기온 19.4°C, 평균습도 46.5%, 유효 31일"
2019-06-01,69.29,"평균기온 22.5°C, 평균습도 60.6%, 유효 30일"
2019-07-01,75.04,"평균기온 25.9°C, 평균습도 69.1%, 유효 31일"
2019-08-01,76.91,"평균기온 27.2°C, 평균습도 68.5%, 유효 31일"
2019-09-01,70.03,"평균기온 22.6°C, 평균습도 65.3%, 유효 30일"
2019-10-01,60.83,"평균기온 16.4°C, 평균습도 62.2%, 유효 31일"
2019-11-01,48.84,"평균기온 7.6°C, 평균습도 55.9%, 유효 30일"
2019-12-01,40.31,"평균기온 1.4°C, 평균습도 57.8%, 유효 31일"
2020-01-01,40.64,"평균기온 1.6°C, 평균습도 55.5%, 유효 31일"
2020-02-01,41.83,"평균기온 2.5°C, 평균습도 58.0%, 유효 29일"
2020-03-01,49.39,"평균기온 7.7°C, 평균습도 46.3%, 유효 31일"
2020-04-01,53.74,"평균기온 11.1°C, 평균습도 50.0%, 유효 30일"
2020-05-01,63.1,"평균기온 18.0°C, 평균습도 67.3%, 유효 31일"
2020-06-01,71.79,"평균기온 23.9°C, 평균습도 67.4%, 유효 30일"
2020-07-01,73.1,"평균기온 24.1°C, 평균습도 76.3%, 유효 31일"
2020-08-01,77.87,"평균기온 26.5°C, 평균습도 85.1%, 유효 31일"
2020-09-01,68.55,"평균기온 21.4°C, 평균습도 70.8%, 유효 30일"
2020-10-01,57.94,"평균기온 14.3°C, 평균습도 60.4%, 유효 31일"
2020-11-01,49.07,"평균기온 8.0°C, 평균습도 63.7%, 유효 30일"
2020-12-01,37.84,"평균기온 -0.4°C, 평균습도 57.8%, 유효 31일"
2021-01-01,35.25,"평균기온 -2.4°C, 평균습도 57.5%, 유효 31일"
2021-02-01,42.24,"평균기온 2.7°C, 평균습도 55.4%, 유효 28일"
2021-03-01,50.08,"평균기온 9.0°C, 평균습도 62.8%, 유효 31일"
2021-04-01,57.44,"평균기온 14.2°C, 평균습도 54.2%, 유효 30일"
2021-05-01,61.76,"평균기온 17.1°C, 평균습도 68.1%, 유효 31일"
2021-06-01,70.74,"평균기온 22.8°C, 평균습도 72.5%, 유효 30일"
2021-07-01,78.45,"평균기온 28.1°C, 평균습도 70.9%, 유효 31일"
2021-08-01,75.48,"평균기온 25.9°C, 평균습도 74.2%, 유효 31일"
2021-09-01,70.22,"평균기온 22.6°C, 평균습도 70.9%, 유효 30일"
2021-10-01,60.13,"평균기온 15.6°C, 평균습도 69.7%, 유효 31일"
2021-11-01,48.87,"평균기온 8.2°C, 평균습도 67.8%, 유효 30일"
2021-12-01,38.79,"평균기온 0.6°C, 평균습도 61.5%, 유효 31일"
2022-01-01,35.53,"평균기온 -2.2°C, 평균습도 55.2%, 유효 31일"
2022-02-01,37.17,"평균기온 -1.1°C, 평균습도 54.7%, 유효 28일"
2022-03-01,48.54,"평균기온 7.7°C, 평균습도 61.9%, 유효 31일"
2022-04-01,58.52,"평균기온 14.8°C, 평균습도 55.0%, 유효 30일"
2022-05-01,64.44,"평균기온 19.1°C, 평균습도 55.3%, 유효 31일"
2022-06-01,71.64,"평균기온 23.3°C, 평균습도 73.4%, 유효 30일"
2022-07-01,78.17,"평균기온 27.3°C, 평균습도 77.2%, 유효 31일"
2022-08-01,76.04,"평균기온 25.7°C, 평균습도 79.8%, 유효 30일"
2022-09-01,69.76,"평균기온 22.4°C, 평균습도 68.1%, 유효 30일"
2022-10-01,58.37,"평균기온 14.6°C, 평균습도 68.9%, 유효 31일"
2022-11-01,51.82,"평균기온 10.0°C, 평균습도 64.4%, 유효 30일"
2022-12-01,34.06,"평균기온 -2.8°C, 평균습도 58.9%, 유효 31일"
2023-01-01,35.4,"평균기온 -1.5°C, 평균습도 63.3%, 유효 31일"
2023-02-01,41.18,"평균기온 2.3°C, 평균습도 58.9%, 유효 28일"
2023-03-01,51.87,"평균기온 9.8°C, 평균습도 51.2%, 유효 31일"
2023-04-01,56.81,"평균기온 13.8°C, 평균습도 59.9%, 유효 30일"
2023-05-01,65.27,"평균기온 19.5°C, 평균습도 62.5%, 유효 31일"
2023-06-01,71.6,"평균기온 23.4°C, 평균습도 72.4%, 유효 30일"
2023-07-01,77.66,"평균기온 26.7°C, 평균습도 81.1%, 유효 31일"
2023-08-01,77.75,"평균기온 27.2°C, 평균습도 76.4%, 유효 31일"
2023-09-01,72.1,"평균기온 23.7°C, 평균습도 73.5%, 유효 30일"
2023-10-01,60.04,"평균기온 15.8°C, 평균습도 66.5%, 유효 31일"
2023-11-01,47.57,"평균기온 6.8°C, 평균습도 64.5%, 유효 30일"
2023-12-01,38.54,"평균기온 1.1°C, 평균습도 69.3%, 유효 31일"
2024-01-01,36.3,"평균기온 -0.5°C, 평균습도 66.6%, 유효 31일"
2024-02-01,41.72,"평균기온 3.8°C, 평균습도 72.9%, 유효 29일"
2024-03-01,47.79,"평균기온 7.0°C, 평균습도 57.2%, 유효 31일"
2024-04-01,60.55,"평균기온 16.3°C, 평균습도 56.2%, 유효 30일"
2024-05-01,63.7,"평균기온 18.5°C, 평균습도 63.2%, 유효 31일"
2024-06-01,72.24,"평균기온 24.6°C, 평균습도 60.5%, 유효 30일"
2024-07-01,77.51,"평균기온 26.6°C, 평균습도 81.0%, 유효 31일"
2024-08-01,80.75,"평균기온 29.3°C, 평균습도 72.6%, 유효 31일"
2024-09-01,74.83,"평균기온 25.5°C, 평균습도 71.8%, 유효 30일"
2024-10-01,61.33,"평균기온 16.7°C, 평균습도 69.6%, 유효 31일"
2024-11-01,51.15,"평균기온 9.7°C, 평균습도 62.4%, 유효 30일"
2024-12-01,39.56,"평균기온 0.8°C, 평균습도 56.2%, 유효 31일"
2025-01-01,37.12,"평균기온 -0.4°C, 평균습도 61.1%, 유효 31일"
2025-02-01,36.86,"평균기온 -1.2°C, 평균습도 55.7%, 유효 28일"
2025-03-01,49.13,"평균기온 8.0°C, 평균습도 56.1%, 유효 31일"
2025-04-01,56.43,"평균기온 13.4°C, 평균습도 60.5%, 유효 30일"
2025-05-01,62.82,"평균기온 17.8°C, 평균습도 66.9%, 유효 31일"
2025-06-01,72.26,"평균기온 24.0°C, 평균습도 68.3%, 유효 30일"
2025-07-01,79.53,"평균기온 28.8°C, 평균습도 71.8%, 유효 31일"
2025-08-01,79.43,"평균기온 28.2°C, 평균습도 75.6%, 유효 31일"
2025-09-01,71.97,"평균기온 23.4°C, 평균습도 75.4%, 유효 30일"
2025-10-01,61.44,"평균기온 16.5°C, 평균습도 75.5%, 유효 31일"
2025-11-01,50.41,"평균기온 9.0°C, 평균습도 61.3%, 유효 30일"
2025-12-01,39.66,"평균기온 1.2°C, 평균습도 61.3%, 유효 31일"
2026-01-01,34.34,"평균기온 -3.6°C, 평균습도 52.3%, 유효 31일"
2026-02-01,42.36,"평균기온 2.7°C, 평균습도 54.4%, 유효 28일"
2026-03-01,49.35,"평균기온 8.2°C, 평균습도 55.1%, 유효 31일"
2026-04-01,58.43,"평균기온 15.0°C, 평균습도 51.1%, 유효 30일"
2026-05-01,65.15,"평균기온 19.6°C, 평균습도 59.9%, 유효 31일"
2026-06-01,71.48,"평균기온 24.0°C, 평균습도 60.5%, 유효 30일"
2026-07-01,77.72,"평균기온 26.9°C, 평균습도 78.5%, 유효 31일"
2026-08-01,78.56,"평균기온 28.1°C, 평균습도 71.4%, 유효 31일"
